Column1,Column2,Column3,Column4,Column5,Column6,Column7
0.5291083266229848,2.0865606166849293,0.5110647025353198,0.37782466739208653,1.695936886525239,1.5666291593982677,1
0.5721029636731446,2.0843191854715437,0.5045659222579906,0.38715706219779594,1.7000252480872111,1.5277547821222017,1
0.5790896541868166,2.0804923157421342,0.4902497604142269,0.3897390815970832,1.721692230896984,1.5297058540778354,1
0.6129836469824825,2.0632958910665886,0.5616567976072062,0.4874088690536057,1.6947430437744264,1.4785514667350275,1
0.6164606129569674,2.074415047473091,0.5372797798023348,0.4569073331580102,1.7055678542607338,1.4768913479641197,1
0.6264436306089008,2.0790125044430523,0.5540815548515865,0.5094829474432697,1.7245282694021078,1.4819002918834658,1
0.6318510632613038,2.0642525786455455,0.5458006567394461,0.47505605726778116,1.704945715560252,1.4529955354315274,1
0.6325697475149941,2.0676665162941408,0.529283737406445,0.42374913899405386,1.702768938557216,1.4540094642864978,1
0.6358120618653048,2.0322136713569785,0.5902159808926261,0.4755031312394207,1.6615181145667732,1.3984966645044137,1
0.6420997817046106,2.075016607862686,0.5484426428678769,0.49652019226389177,1.736271043629237,1.4643436227138724,1
0.6424281853290534,2.0663345156200275,0.5395174734333998,0.48443069842450126,1.7100112429739178,1.4523058798337396,1
0.6450056416110712,2.027539534796901,0.607755399865582,0.44566186118948903,1.6498671189987475,1.3826949448800459,1
0.6467904582166315,2.065923083140088,0.5990940149244284,0.49041731142700823,1.720519249263579,1.4416549441600666,1
0.6483750684376001,2.076364573508453,0.53656860543161,0.49090628255746926,1.727767409240871,1.464834545013775,1
0.656803658365688,2.0688743101986047,0.6133862184039874,0.5646634274503513,1.7393669210717353,1.448459017168824,1
0.6626339740596723,2.068476181716676,0.5032426622210898,0.4613515940762208,1.7178011758319187,1.4274692172450436,1
0.6670481045451785,2.1214429738654688,0.4898554651026636,0.3677985242255284,1.6344687312085988,1.4564792981328976,1
0.671761518625574,2.0488263788534944,0.5632551088889747,0.518606853591483,1.695736850370355,1.3907377986337814,1
0.6803057673337198,2.0516493509767675,0.5468108560709024,0.47503023660620264,1.6934789429301629,1.384728839964767,1
0.6870567795667427,2.0414989321349784,0.5435453189582886,0.4607594946678858,1.6357267694270285,1.3643246976925782,1
0.6887734457881397,2.019157721630214,0.6315320140934287,0.5307091481594581,1.6612202739442186,1.3365501701687184,1
0.6965260331469924,2.0469484194527174,0.5588189985342182,0.48127471605752725,1.7038232475905875,1.3628422574067,1
0.7110388232568167,2.022953782822273,0.6746057639858809,0.5187918478664052,1.6647225340102885,1.323114496277712,1
0.7165948075303074,2.027640383718323,0.5950398290787309,0.5108615320457605,1.648774962438287,1.3190219878852993,1
0.7259278412399311,2.037883746722851,0.6116107104698443,0.5213860058297689,1.6834815954935405,1.3219188197501348,1
0.7367243195841676,2.0278627574013126,0.5930306849214693,0.5116617562501509,1.6438513287433374,1.301024051386771,1
0.7382970385334111,2.0421724383145556,0.6251257756175738,0.5154919204334844,1.6647222433762254,1.3199437269717973,1
0.7669678760764971,2.017988669776091,0.6548672206219238,0.5959381661269144,1.6660014734391986,1.2686494650378377,1
0.7763376175556711,2.014891523026998,0.6838825007493933,0.5719502318602084,1.6537266876875127,1.2671199852006476,1
0.7808111165270162,1.9926948316317021,0.7129596961944777,0.5783269485438459,1.6588575969661974,1.2195182954832273,1
0.7894736842105263,2.0188132588457943,0.7043360664083158,0.570869625838569,1.6789051500461714,1.247647288914722,1
0.7930167668524609,1.9852592215385139,0.7045471351375897,0.5937614385367509,1.674963161677106,1.208827324905242,1
0.7944673743537869,1.9973699952313055,0.7493393711625789,0.633050691072556,1.674098186708762,1.225961389063818,1
0.7979746145568657,2.027937651983401,0.7062260167410939,0.6369663578862215,1.7218392173650916,1.2620539144535592,1
0.8000200559058407,2.023230509047269,0.7188929404072267,0.6007082328942959,1.6928627220622747,1.2435795802774152,1
0.8019481313458667,2.0326611644334562,0.7210288138039773,0.6531416077173032,1.685707785547375,1.2855677981959526,1
0.80296904725761,2.010376612374243,0.6810565279138576,0.6237516276690631,1.6794750523011146,1.2230326717845699,1
0.8043030593616247,1.992623743268252,0.6968954166125269,0.5845286902516005,1.6750791394894522,1.19534934278061,1
0.8061163281284764,2.0484154494366065,0.7201642042056771,0.6805250923429843,1.6902212053942314,1.30321643403671,1
0.8069556332503893,2.0193141195326194,0.6791928906662335,0.6364762688555847,1.6922809331408009,1.2411381316567602,1
0.8075898138259594,2.006565579909786,0.7017681513415802,0.5557804100720846,1.668450910212502,1.218281112156218,1
0.8081624213487939,2.014282125326391,0.7194383615384258,0.548612369296175,1.6812148250660148,1.2180016036955084,1
0.8087923576049707,2.0200781355123687,0.7021086854737069,0.5889884408200972,1.6827858255627854,1.2351776633762557,1
0.8095651901634285,2.0106565518048694,0.6615647194506403,0.6352474035419167,1.679977917076422,1.2313708998255857,1
0.8098294354896711,2.0113689298964315,0.7155886781862703,0.6506607654945664,1.6621107046497412,1.2356529951082387,1
0.8109724708938756,2.027937651983401,0.761849681866007,0.6695511594991991,1.685697708216238,1.2709652619546437,1
0.8145901254193992,2.0,0.6835740024031569,0.5694803997269031,1.6639568414227448,1.1896724086461021,1
0.8151190370040887,2.0329697585003714,0.6940488507682245,0.619423564433083,1.70501613184967,1.2435178526850956,1
0.8155702868340327,2.001863226185753,0.6858888678848224,0.5665761489459167,1.6746241990398443,1.1925151561179055,1
0.816323961743006,2.009279724656283,0.6933016878523869,0.5861155187653161,1.683368793305019,1.2065175200125846,1
0.8193093042102314,2.022715693945091,0.6883739747982334,0.6165764866174153,1.6772693798212976,1.2345279351647074,1
0.8195316493902669,2.015363593624677,0.6943983864979703,0.6403554105443877,1.7005885144081112,1.2269243107252805,1
0.8201238745591072,1.9973699952313055,0.7249125433542433,0.5559825407290061,1.6655940897289934,1.1833684538369618,1
0.8213946247467022,2.0109008983000116,0.7021255905932389,0.6262732718157258,1.6928627220622747,1.2260378757787065,1
0.8272462686525711,2.02731447625958,0.6833439454535055,0.6157233025741368,1.696572400906762,1.2357437334378711,1
0.8288076138442396,1.997472954757769,0.7193905260974566,0.5639602207815548,1.667197573896974,1.1724424005839593,1
0.8292161142126654,2.011117747570886,0.7616608077153104,0.666242578413402,1.6761916483419737,1.2306692893872904,1
0.8303673609061191,2.0,0.6896744465807492,0.5677661015725987,1.671534494135322,1.1728487850477807,1
0.8345097635823977,2.023401453327747,0.7200421188422477,0.628058669730752,1.695827992326345,1.2226112996104028,1
0.83567660916547,2.023230509047269,0.6989189979848047,0.6203527586191212,1.6839774893141082,1.220233220953212,1
0.8382675310100565,1.9854609958259444,0.6863974421687856,0.5845307067527744,1.6639568414227448,1.151312913965062,1
0.8393004376384151,2.0401956245041055,0.7487218655430257,0.6721303249624664,1.6881035244056442,1.2778101281702143,1
0.8458782709695557,2.0,0.7056304249032271,0.5729988176699796,1.6642075145539736,1.158307449314256,1
0.8484970004905613,1.997472954757769,0.6947736245048732,0.579991184308179,1.675705280969911,1.1530281564637785,1
0.8524457334720867,2.0538797950290038,0.748378591119267,0.7116731166377648,1.7030550932095039,1.2903684292171431,1
0.8528359987777554,2.004831370153697,0.6824737768844293,0.579991184308179,1.6754502145394425,1.1549136210404014,1
0.862827882163575,2.0390200253325106,0.7721791017529441,0.666936966746415,1.7118716562799006,1.256146843326982,1
0.8707908600738371,2.045025887292703,0.77723433740267,0.7166196528770838,1.7191440274504084,1.261425553777865,1
0.8777892552062,2.068201433279742,0.747764929332826,0.7078714967465647,1.7049495654533025,1.2917159933182094,1
0.8849002318334734,2.0564180693896015,0.756900887060335,0.6958469582812907,1.7182245816188475,1.272783064632791,1
0.8858269577376232,2.0872268366559945,0.7912630609350282,0.7455698553341494,1.7480818077973912,1.2974615532287208,1
0.8898651864086768,2.070258268110469,0.7529544331739291,0.712576370572732,1.707241438974942,1.2977062124305303,1
0.8945611019361438,2.082005320151075,0.7383731285688399,0.6921923102839921,1.728909318097288,1.3049671564686598,1
0.8952365650099755,2.072054791292195,0.7526083712908114,0.7533121822656476,1.7197431028701002,1.2909260317427935,1
0.8962223256874441,1.9669831898170533,0.7744624586073233,0.6426521291924625,1.6902747191682763,1.0865695081392226,1
0.8983690473444824,2.0714812594006156,0.759593620884938,0.6999085104298374,1.731788570318125,1.2886234743770566,1
0.9041752917807792,2.0401956245041055,0.7910936763766288,0.682359319808916,1.7521743746117564,1.1721428602678874,1
0.9053493372793924,2.0762189564146483,0.7667647760947984,0.7425541213708018,1.7284916903630634,1.28035731146601,1
0.9081820941709848,2.0618125632692657,0.7501636141897755,0.7492707391093962,1.7081038339645593,1.2832510703413846,1
0.9090686816575853,2.0079304871124886,0.7767921993045694,0.6504361575195928,1.7263218610762239,1.1170815433249406,1
0.9094943403880401,2.0775833979031213,0.7869865819668097,0.7216531074555192,1.7422000260844264,1.2490766522512555,1
0.9100275582455598,2.0789640083923606,0.7715494377354742,0.7117353722166697,1.7413701898573686,1.2540925293602827,1
0.9104991531516524,2.0888017187572463,0.7987257861869259,0.7793287683825127,1.7390952988377655,1.307804539493276,1
0.9110843447374364,2.058003408982535,0.7869455995739246,0.6687751613939026,1.7445536149971326,1.1917382234731335,1
0.9164560444864992,2.036831877985797,0.7982060786937402,0.6722915787271562,1.7582119129709854,1.150809804247133,1
0.9168069008461911,2.0770772483296387,0.8181497374539373,0.747303272682722,1.7456530693494174,1.2385033362890727,1
0.9175403761580968,2.0923139768633616,0.7759747110162495,0.7585974462586105,1.742995751008644,1.2845565266213355,1
0.91990115568504,2.0770772483296387,0.8037729667206551,0.7189163968256244,1.7638473694833303,1.226705214484226,1
0.9199122077681361,2.0321941298257236,0.8104630160683811,0.6697061961042683,1.7398261428065238,1.1604757219172432,1
0.9210179849961274,2.0637664687491926,0.7961136331517509,0.7028880483968186,1.7460458967216312,1.2192600929509396,1
0.9233001594134945,2.077730264420956,0.7594728709701296,0.7023672966509565,1.736434038375923,1.2772055555561377,1
0.9240873017395276,2.06129609103993,0.8072491208413105,0.6628524815993411,1.7329061111837005,1.1928732771660198,1
0.9260397502050796,2.0198537227278743,0.8063997433146426,0.6714786002500398,1.739119693532659,1.134642284810294,1
0.9289919065305593,2.0861696598304595,0.7785163678462234,0.7578889778689825,1.735742535231638,1.2793029100027988,1
0.9302168366519745,2.028964674615251,0.7894864335746229,0.6630089506812517,1.7290722141222106,1.1397603144725255,1
0.9355755128125306,2.076318058106465,0.734397300556054,0.685588466750517,1.7253418797348454,1.2741269628791791,1
0.9379113540984679,2.077676892893192,0.760365553135926,0.738989607577421,1.7251886095686744,1.2718282120220699,1
0.9413261501197397,2.0624108993445565,0.8065613526903097,0.6908465405195836,1.7468897065816338,1.1950842974179914,1
0.943024987269113,2.060315014550851,0.7969642526435361,0.664253580839784,1.728440107774666,1.1763319123501357,1
0.9456155098430876,2.0838580936629945,0.7623767271576929,0.7673542124140875,1.746442459339658,1.2712055663063142,1
0.9588846600519773,0.8937405959873925,0.7835008245371142,0.5216021029834041,1.850455786436624,0.33699644698321746,1
0.9747851997065868,0.8838178662023961,0.769656503916272,0.5491323991102486,1.8278769161567083,0.34491893564278037,1
0.9827991352607122,0.8831084751539736,0.748780339459752,0.5726273082966478,1.821311169202905,0.3284567207827934,1
0.9863066782013857,0.8820326815805334,0.7875172926599974,0.5851185644675952,1.8289510823206445,0.3326130011390315,1
0.9879857775457769,0.8842571618422898,0.7741163148464908,0.5159932374976485,1.7799072151650803,0.29215801176267314,1
0.988461994817429,0.9265890565766828,0.8335882152966836,0.5850674909976329,1.8208749745102426,0.33423562938970675,1
0.9902736870727415,0.9087231579407327,0.7915604217206464,0.5386769342622467,1.7968147399986854,0.30045233388721015,1
0.990653756566141,0.8949615866365057,0.7676144139977251,0.5771702129653219,1.8352245255960749,0.3185039344534739,1
0.9910135917286933,0.930147317401298,0.8145384089842531,0.5803623805562856,1.8121876964499695,0.3216232781478028,1
0.9946385839069392,0.8909715675543365,0.758431611285704,0.5740757632970942,1.835524903386265,0.3104023427680385,1
0.9947894601648569,0.8949615866365057,0.7728099472927695,0.5966507358691865,1.8355643085827116,0.31207550942652806,1
0.9960644860219751,0.9017202268309307,0.783032678420507,0.5941289303513444,1.8385397805842707,0.32210919864205456,1
0.9972430038124612,0.9370029000017036,0.8072922316583806,0.6335428934466669,1.8443887636570617,0.34535832075519424,1
0.9985752079065563,0.8948023296759638,0.7895637802505219,0.5970366497213938,1.8556687634231472,0.34257832754779,1
0.9994020330340335,0.9202535485417409,0.8077042597180502,0.5238175028839603,1.7890381681233332,0.26876149066820393,1
1.000540660136327,0.9636969947750414,0.8697358859491586,0.6271472455890649,1.834499495024952,0.35504511048852544,1
1.003925432167648,0.9293636608773188,0.8516280896885149,0.6401818817267861,1.834499495024952,0.33685455780946594,1
1.0039428442734681,0.9285592184789412,0.8368075726116768,0.5559998223643023,1.7860087235212003,0.2784436463587037,1
1.0043464664093167,0.9133354672860693,0.7930418821105979,0.5516579978515482,1.7953487717477439,0.2834856869238398,1
1.0046875256892793,0.904666835363742,0.809654450303245,0.5141878970007783,1.7799072151650803,0.2969764102647206,1
1.0052175563488082,0.9112139599616633,0.8205340978043665,0.540230823229735,1.7939104734539117,0.26372262201618746,1
1.00585937706011,0.9212444615978385,0.7931808132255443,0.5512723778386699,1.795907556255968,0.30615093509856933,1
1.0059735552870717,1.5653195576280363,0.7509382360288979,1.8393041449995085,1.629466728388975,0.5657324958511238,1
1.006783979253988,0.9423366994610288,0.7959781107816266,0.6277973990078515,1.837514725103054,0.35605359484527044,1
1.0080518562211793,0.9152205272090392,0.7880165687914549,0.621830523062396,1.8512281236787291,0.3642527402706923,1
1.008102530855423,0.9223170800581,0.7910585360809201,0.6058377086377396,1.8583551138808976,0.34624299043422574,1
1.008460938287789,0.9052108798803713,0.7893203700374509,0.6178182146920151,1.8551356840496303,0.3475114431456097,1
1.012105487998061,0.896432764868634,0.8087278062928692,0.616037765596174,1.8592489580464198,0.3383189272906746,1
1.014086941312022,0.9526886843132528,0.8609092626905354,0.5948175052982707,1.8081723665397527,0.34577734328598714,1
1.015090050406491,0.9013137749413428,0.775921585552083,0.5873336752906115,1.8454745912634187,0.34346775784835915,1
1.0157286949302857,0.9013734034649639,0.8070634122244368,0.6381007421814813,1.8762383298158765,0.3533328103135553,1
1.016453267099119,0.9192786460331305,0.7936431710241203,0.5410332219882699,1.790235100664739,0.24121508358469115,1
1.0178874753761582,0.8961790777925775,0.798651588329682,0.5399763905139625,1.793928137377639,0.2830772273956669,1
1.0187446279448942,0.8986136137045881,0.7899106714651989,0.5905859579933478,1.845581118729212,0.33262993479518776,1
1.019385063395236,0.9513004721152039,0.8532846199747127,0.5705915220236716,1.7909661842257938,0.3139842840248543,1
1.0216291046153982,1.1853442942413022,0.932811334783926,1.8739746054623603,1.6587831816833736,0.19999999999999998,1
1.0220721581793522,0.9446355393702707,0.8809979482103832,0.5797469182192279,1.7946065597551837,0.33695142541756207,1
1.0222687398658556,0.9202535485417409,0.7936431710241203,0.5343626943288291,1.7914868481320174,0.2503360300209926,1
1.0222998890812471,0.9665897110394396,0.8662696439721844,0.6132760521797689,1.8181376980030832,0.34577734328598714,1
1.0237998361755678,0.9013878188659972,0.8267375284684234,0.6363431042875908,1.8797368496537052,0.37748613769037664,1
1.0276958232340807,0.9061791649760631,0.8354559097769361,0.6293423961242525,1.8678191881287771,0.372383621799409,1
1.0280411537929999,0.9092363294869559,0.8314441723314887,0.6259269109761927,1.8593877317882288,0.37382630168178976,1
1.0314405915893956,0.9172042158341451,0.7954088395991945,0.5373511869572664,1.7858995814172247,0.26752494325127746,1
1.0314405915893956,0.9263606891256528,0.7946638420836221,0.5486229732987806,1.7873085535926112,0.2845130579744042,1
1.033071081351553,0.8988312107161855,0.7994795532281502,0.6182047890081529,1.8808987610748809,0.38013646934424344,1
1.0336864072497438,0.9076218392234804,0.8360551390999963,0.6363431042875908,1.8797368496537052,0.39200483529385266,1
1.0340859891888268,0.927069817515036,0.8378294649339089,0.5612490253638263,1.7865325854597216,0.26437851510749705,1
1.0362055734716655,0.9155324305506866,0.8162787455255349,0.5408880652383414,1.7885073012084391,0.26169418996975213,1
1.036311664700681,0.8947692063808435,0.8090512950117714,0.6101303561570548,1.8790831794001401,0.38588031901320624,1
1.037250342369644,0.8978420536237364,0.8252534976521717,0.6299990056944625,1.8754064391415828,0.39417091809519195,1
1.0400239148866057,0.8983159978248629,0.801051334726273,0.6140474969277205,1.873023575380939,0.3909367867496832,1
1.043897189989679,0.9114068508015881,0.8370930125418695,0.6444619646216789,1.8902466931562292,0.38577333717323925,1
1.0454404155836658,0.915078642950213,0.857868864986848,0.5280501752743246,1.7814316069012388,0.2937220465169491,1
1.0463539845795642,0.9076218392234804,0.8360551390999963,0.6181112775491073,1.8896909014979264,0.3922736079241907,1
1.0484545776205985,0.9329288602754879,0.8184968728602895,0.5963149681552121,1.809381576102885,0.3279394672058654,1
1.0487634009228906,0.915078642950213,0.8313449426846592,0.5578967721621463,1.7923681019182611,0.27787838449249724,1
1.0499115443281497,0.920833339516031,0.8378294649339089,0.5612490253638263,1.7865325854597216,0.2911930698289789,1
1.0507711061035767,0.9451808521081105,0.8174670641935362,0.6245723786199617,1.797833520535553,0.29959731224068087,1
1.0515661479880913,0.9372151072512227,0.8228618085840105,0.6255464419054533,1.8096763920025296,0.3167950172546444,1
1.0534813402394532,0.9178412424675455,0.8506147960136254,0.6363431042875908,1.890360075267477,0.3848139648207679,1
1.0542864151222504,0.9146013578363255,0.8056552293006705,0.6192303876517103,1.8223629650482578,0.3329297330723124,1
1.0554582536642938,0.9173048510515992,0.8157317127683464,0.6017037815230398,1.8155881468086943,0.3508779511432468,1
1.0570226044836573,0.9365504012407833,0.8639492563688798,0.5752454888139116,1.8015955960957095,0.27446459307976745,1
1.0591368482608359,0.9237209251946014,0.8034545598905347,0.6074223197906479,1.816751443154452,0.3508779511432468,1
1.0621244311467948,0.9444411337265015,0.8258242141722456,0.5975482541239922,1.7974419513889743,0.28758302636432537,1
1.0623672634242887,1.130270036258587,0.9501748235094242,1.8940065255123948,1.676514805142393,0.1473676635316772,1
1.0628930656785338,0.9184557329825832,0.8243392483614553,0.6044903835757772,1.8253736220507704,0.32619848975748106,1
1.064359288129272,0.9433351612265962,0.8198351286416471,0.6237038857913868,1.8026415670054459,0.3380266830981353,1
1.0648263459981049,0.9125543134588674,0.850280142201343,0.6084871514621334,1.8418874264156944,0.3506515428571146,1
1.0654782217981718,0.9208494995953341,0.838610740365403,0.6080571802383529,1.855352481489198,0.37747007845751024,1
1.0667260859278378,0.9385723643732933,0.8119557030814217,0.6322125369110638,1.8155881468086943,0.3235380136087257,1
1.0691357043745628,0.9488980051479897,0.822114003674964,0.6044950079005876,1.7916106493536255,0.27247337180565306,1
1.0702012108908432,0.9244832979604192,0.8258242141722456,0.5809811887201789,1.7890706031722214,0.3100811247454035,1
1.0719556663978955,0.9580089606346669,0.8461171259504656,0.6195220396966262,1.7996299572760484,0.3337519437123677,1
1.0735947573680586,0.9230469828490346,0.8115440446949522,0.6279306902987587,1.8354372481342807,0.3493215787614576,1
1.0746725742962366,0.9315245952047383,0.8981358658575154,0.6519470355122388,1.8587579277944053,0.34968542461312807,1
1.0766704513795635,0.9265612786166948,0.8548704739298623,0.6059580660788599,1.8421294739273837,0.3762755314094995,1
1.0768922225650919,0.9594594594594595,0.8376198495844182,0.6200037701056467,1.7960776190723642,0.34991911827632577,1
1.0768922225650919,0.9598400463286358,0.8268680292312626,0.6336238488919016,1.7951368848514797,0.3233374625406865,1
1.0770193970362854,0.9598400463286358,0.8348355099701291,0.6374311575713922,1.804648651886776,0.3048787614237427,1
1.080041107561874,0.9463743091280469,0.8518922374367014,0.6625361189082885,1.8698586572463107,0.3944654462185574,1
1.0820820853078859,0.9312977900599204,0.8556107012719907,0.6236460744921821,1.8625955801198413,0.38103074184310665,1
1.0821598262045224,0.9585761722778396,0.8241483700654764,0.6507371758440442,1.8087290684816013,0.3221857150789539,1
1.0832028533199183,0.9368531722066777,0.8291631397071586,0.5837487228045505,1.7879119702835333,0.33049692710345985,1
1.084059346898648,0.9315245952047383,0.8489421270480467,0.6397369193763764,1.8487692376688145,0.3577284649307083,1
1.0851550467144482,0.9232870714969654,0.8469448469472448,0.6358484714839886,1.852391011373245,0.3826407380640874,1
1.0854538759116013,0.9396166119390965,0.9086698706637852,0.6340684517908302,1.8447791512079486,0.3789192084560573,1
1.085506146396295,0.9460424661182238,0.8533866704782131,0.6211073077989945,1.7951368848514797,0.3294914956820706,1
1.0857978341808097,1.167000725894929,1.0741194209184906,1.8475594013165109,1.6801710216434014,0.1177372546368273,1
1.0858126189017019,0.9569020541803327,0.8436354876478246,0.6274569605662544,1.8121930985784354,0.34596866783492014,1
1.0869821084633873,0.9285960527829104,0.8240939439342783,0.5957446808510638,1.7916106493536255,0.3198573697526151,1
1.0883134794296159,0.9232870714969654,0.8420919501212539,0.633507669419333,1.8625955801198413,0.37656776108494017,1
1.0884387712705246,0.9354445930630045,0.8164226530375904,0.6000603561011486,1.7927473220216124,0.307444967969165,1
1.0891237419770134,0.9427847144790266,0.8500423453295365,0.6556438999346514,1.8694075783474473,0.36812294275213725,1
1.0895609759347928,0.9298967950071255,0.836847138474941,0.5882279804080888,1.798594445189041,0.3066464578326445,1
1.0899132460232008,0.945945945945946,0.8454860160642024,0.589969728457921,1.7960776190723642,0.3378378378378379,1
1.0901435451683625,0.9358626641631219,0.8752643275667845,0.6240666145215926,1.8580179107458006,0.3616265836805652,1
1.0940105215140052,0.9527266625317591,0.8533866704782131,0.6374311575713922,1.7960776190723642,0.34253491501720484,1
1.0940105215140052,0.9598400463286358,0.861320863782565,0.6374311575713922,1.8055844303535447,0.32121254929742465,1
1.0966016066686672,0.9487071567942597,0.8297326768753261,0.6213348850534121,1.8021917143028532,0.29863125207698293,1
1.0971627523091134,1.1443401464005463,1.997347100789125,1.9244913606007064,1.6738234185456224,0.1761272627557345,1
1.0978477658267316,0.9406928154914984,0.868821813799515,0.6457844567161934,1.803528478401491,0.32092198494362,1
1.101062484137106,1.498191443536291,0.8739436675032957,1.7378637686888445,1.5487138672414187,0.39885480424007613,1
1.1026793796480283,0.9631414271805228,0.8979996743622735,0.6767995498937575,1.8698586572463107,0.38722943871436705,1
1.1028219331407116,0.9324324324324326,0.850922242780063,0.6200037701056467,1.807606079054375,0.3463785302155756,1
1.1062536621873011,0.9431854124719382,0.8856005200393859,0.6809298071577594,1.8485802530284163,0.38384215162582586,1
1.1071327670986288,1.149090670153839,2.001893415887348,1.927565500344535,1.6652555858212974,0.18237644875698292,1
1.1157130197582075,1.3351739096961777,1.049162616579083,1.8100413606141197,1.613764196905258,0.26305677120474297,1
1.116196977065418,1.4144700857857573,0.8731313054999179,1.7718637458300366,1.5850778073422132,0.3212786246368191,1
1.1171834072488271,1.191782563646719,2.0055478608655104,1.9509288702538912,1.6900872941148324,0.23934065809486688,1
1.1220098803489218,1.1693098388568215,2.0039098761599035,1.9459840669854844,1.6816354069018977,0.2125042427485897,1
1.1239528683926538,1.2235975691525196,1.9880503144268642,1.9620824477998766,1.711715222886656,0.23476434308512903,1
1.1252434578819703,1.191119402956213,1.9977518228446227,1.9404721329525538,1.680505508896683,0.19090428084368471,1
1.126910457706839,1.1934100361019442,1.996109185278017,1.9364535603162705,1.684409915791418,0.2249012991762981,1
1.128115789299376,1.2491621557550319,1.048459240728902,1.8578957585790954,1.6750718683809955,0.149071198499986,1
1.1309240019192037,1.2070572132075563,1.9914584701805647,1.9637194941575513,1.714856670222136,0.25381138279766147,1
1.1330252792629825,1.1976604216677345,2.0071230933831816,1.9648295104042492,1.7052649771281938,0.21165261288987666,1
1.1331469019696894,1.1920593422145043,1.9989046278647602,1.9456528358600862,1.6842904280121884,0.24029184180580726,1
1.1353539628630032,1.2215984154534316,0.8642710457893207,1.9604170574213595,1.729952698770303,0.08896143565514669,1
1.1357308917912508,0.9924179234043964,0.8693926762974676,1.9342304207638628,1.6992393929777347,0.14359163172354764,1
1.1360533262396666,1.178243992631238,2.008012050107473,1.9550646978821875,1.698409869937777,0.2197019373936672,1
1.1370550913489483,1.2011480558425078,2.008545308499472,1.9493536391742086,1.7068523331994347,0.22891233334271743,1
1.1419301695490578,1.2158476022886158,1.025341619711323,1.8480641843708858,1.664499436958306,0.11874508331318273,1
1.1430981395963429,1.1530626336108563,1.9996236474798104,1.9540635288962254,1.7300217958016657,0.2284351970194844,1
1.145747884416084,0.9501095328293047,0.8618167929169523,1.9350538235149168,1.6955011567432072,0.19828755347117671,1
1.1461493532905507,1.1894056235400192,2.007640522445447,1.9491160003747858,1.7041448263105736,0.22011095290200686,1
1.151151873567839,1.3100132790705667,1.0228367639798235,1.8262510882319734,1.632526174197479,0.19130858172969611,1
1.1563865540879668,1.1220245524351018,1.9836760144872112,1.9326834262064758,1.6850783941701397,0.25326938840713803,1
1.1585041992567102,1.2038010864912705,1.9941029814198696,1.9548196328445024,1.7106711954920777,0.2422399699588928,1
1.1592050311382622,1.2935572258506125,0.9052889670036274,1.846052006005339,1.6507986464348738,0.19500521141580335,1
1.1620462572445336,1.2098573279305362,1.0585052335684315,1.8445088089626738,1.6039164927477347,0.12971542686692972,1
1.1669640080015282,1.2211208705527872,2.0138771182826183,1.968732213124568,1.7287911311611084,0.3267548544263983,1
1.168038526562427,1.1145648628275528,1.0686324478706302,1.832904466704985,1.5769714773254966,0.11623409874741394,1
1.1687512059644258,1.2218795729210181,2.0170408048047577,1.9495703994131737,1.726715492416912,0.18163064367459997,1
1.1720159228992635,1.1513459195526723,1.0383833057719498,1.889527057228872,1.7198024852393066,0.08163089452637691,1
1.1748996084102694,1.1229090887448048,1.9794871411723474,1.9385667035749894,1.695629340999634,0.1377159605684392,1
1.1748996084102694,1.1497512131695988,1.9928997045948034,1.9379614531259222,1.695629340999634,0.2442015005307549,1
1.1766117985968776,0.9792280971764903,0.9106309760997536,1.9368080358182855,1.703810697016362,0.19852411326351296,1
1.177301252533705,1.0335845494676172,1.989858681478244,1.9248902078141312,1.6795264953417417,0.17208475064650242,1
1.1790561523543415,1.168058719420881,1.9554791597635302,1.926830791363099,1.6828758001529056,0.17774303139725342,1
1.1814818913348613,1.0549376950142668,1.9632464058802188,1.9268602953831384,1.6626585300848953,0.16697378126651097,1
1.18177615999753,1.1612591373919363,1.9755642944288434,1.9315528324425337,1.6967375688556992,0.14433033939648815,1
1.1819163088148126,1.0663347643223517,1.962499241861437,1.9046999039278392,1.6455449682600551,0.1553694281537112,1
1.182257553303275,1.2085835334404365,1.9967409062753427,1.9664583233509894,1.7395549736681053,0.2912328032512297,1
1.183124206326194,1.1461794908496015,1.988271144855578,1.9371604336609902,1.7207896855837002,0.15131255725557985,1
1.1839340001511405,1.071495209043341,1.0643329049587367,1.8177905837120771,1.5648403153244068,0.1886285676770869,1
1.1840829339451706,1.0982898588486212,1.9584368053392116,1.9104121598206116,1.6606125093542827,0.12820234715266082,1
1.1840829339451706,1.080174943034145,1.9612677021506815,1.9116563939500084,1.6587777028217516,0.16542448267829324,1
1.1849281541591197,1.0414807387324432,1.9441775804201225,1.9100845950778584,1.6516706750101453,0.20094885879536534,1
1.1854716869326525,1.0586263057247416,1.963694026602074,1.9222023118163356,1.6654513607104997,0.16655282330183485,1
1.1855299495797242,1.0995143538988408,1.9480626258045357,1.9006615811594196,1.6392998340290827,0.15867413337074684,1
1.1859258971213313,1.1290728264690533,1.9687490349574557,1.9333495459761196,1.6870414782738277,0.15933959036713305,1
1.1862101814579886,1.079445553375761,1.9617327214149918,1.9045863919298396,1.667176160863438,0.1664412890562396,1
1.1869799914558243,1.1450782881738055,1.11665284679121,1.853378127145212,1.6008674564407506,0.1352241885857073,1
1.1877324275323802,1.0663347643223517,1.962499241861437,1.8955784097518995,1.6472445580867283,0.15563800126368182,1
1.1877324275323802,1.0535685465400926,1.9422414983953136,1.8955784097518995,1.6455449682600551,0.18278756253377787,1
1.1890200595370117,1.1525828517225636,1.9655854297593298,1.9206351726018511,1.685131573178897,0.20358692112236113,1
1.1890542588170578,1.1017013044308115,1.9696189305110718,1.920774201658329,1.660151775794112,0.15174141931902999,1
1.1893787118921728,1.0958945983558877,1.9525664958875788,1.9085396414213656,1.6482266529822034,0.16991124455602472,1
1.189941040895045,1.0563700495784452,1.9476560611969826,1.9003525391896459,1.651873308184218,0.16598629151535552,1
1.189941040895045,1.0435699397911071,1.9592231187119604,1.9003525391896459,1.651873308184218,0.18421542088971302,1
1.1900551453384713,1.0399082016818426,1.9573231995595748,1.9191917086179215,1.6638551486954072,0.1936546071229289,1
1.190449099430144,0.997108837487004,1.978937234667942,1.9180811786779621,1.6662618737999968,0.22590190770080165,1
1.1909329850740664,1.0551693131085076,1.9501761591097744,1.9100845950778584,1.6516706750101453,0.20115634347510306,1
1.1915401121459783,1.0351454574739989,1.967146515849123,1.9129663044442864,1.6544476406225812,0.2217285210417449,1
1.1915401121459783,1.1117946761176871,1.9548724045648234,1.9132116895240259,1.6634770890960362,0.15236835207785038,1
1.1915401121459783,1.1194073079380937,1.969813158260654,1.922735085304839,1.6634770890960362,0.1665528233018349,1
1.192038092817831,1.1601867181827847,1.0064260944369994,1.9044732176455,1.7185181643345049,0.053888196662858025,1
1.1920966606390122,0.9952214758917107,0.9187900691566339,1.9344969061409492,1.7182631478061645,0.19781305057918158,1
1.1922114926653085,1.0467533460980993,1.9704746307096341,1.9142292570767607,1.6761946123223217,0.18472038767180415,1
1.1924380636237124,1.1116104210775948,1.953732621762409,1.9020291902200308,1.6571297224283887,0.13898378795212607,1
1.192449717159866,1.116863170044492,1.0747265090903237,1.8272838913364622,1.5772380591824509,0.11674088557767623,1
1.1924709750299318,1.0788715447976747,1.960975537773828,1.9132116895240259,1.6544476406225812,0.17650489360556604,1
1.1926748159118046,1.0634313043281158,1.9625469165012297,1.8992346969722325,1.649782987241437,0.16428972486091709,1
1.1926748159118046,1.0632751011392112,1.959857929221486,1.892049727609328,1.6481461349808473,0.17314993097446527,1
1.1926782842792683,1.1030074944757369,1.102600593237331,1.8086931407156126,1.5571168769120611,0.18497524226579645,1
1.1932028780170234,1.0727348857640153,1.9589106873671092,1.9133466152974663,1.6509620454982226,0.17485515240999996,1
1.1932028780170234,1.0861925193947843,1.9617327214149918,1.9133466152974663,1.6509620454982226,0.1767766952966369,1
1.1932028780170234,1.0660612020360212,1.9617327214149918,1.9045863919298396,1.6581595952269619,0.17461347274727934,1
1.1932804899358922,1.1761691397949237,1.9925481007705426,1.9426137487819684,1.6979784371335063,0.16411101688462948,1
1.1937614852464826,1.1195962458066888,1.9742270067472045,1.9283066785784055,1.685792861615617,0.19951042420826506,1
1.1942174671720063,1.006615287129689,0.9230469828490347,1.929051305189444,1.6914383283128422,0.1894462250166469,1
1.1943348821879107,1.007279249506554,1.9561277593272914,1.9037880091501214,1.6509620454982226,0.2095684110712273,1
1.1943348821879107,1.007279249506554,1.9648946055223449,1.9037880091501214,1.6528282476459,0.2163112122395428,1
1.1944309602954717,1.166429582221755,1.9858999585847532,1.9504889532051588,1.697180161132863,0.17587200256367586,1
1.1946525677522657,1.2310038712294853,1.998385201435878,1.9437993671081906,1.7004384131613832,0.2291724157601027,1
1.1947792658700698,1.124552106705134,1.9566168460189024,1.904151653154011,1.6562207451601867,0.12193451272130747,1
1.195396053426582,1.036524129254741,1.9729210384078064,1.9188778527141193,1.6752827021496797,0.19547396367893144,1
1.195396053426582,1.050034671528552,1.966972779145653,1.919342426525027,1.664400825983794,0.193728625490789,1
1.1954977125032324,1.072703519452906,1.1038981945897344,1.819987818145664,1.5477391691744338,0.18550225187405786,1
1.1958910472497326,1.1091237067577548,1.9710206243350092,1.9081161342686568,1.6446367086386984,0.16006088719686576,1
1.196390086904833,1.0361964004885835,1.9701431090800443,1.917749133485077,1.6572431790695268,0.19547396367893144,1
1.196944170165455,1.0888306980216074,1.9679284908626877,1.9095023110796379,1.6536267143384542,0.1560753433753833,1
1.1975722203019812,1.1609646922509962,2.002303392073638,1.9514579027164654,1.714477468411505,0.1425523541429223,1
1.198677269104333,1.0865127311790526,1.1118216173388018,1.8150769265493363,1.5648403153244068,0.1886285676770869,1
1.1992362580771683,1.056284124848103,1.0367118697767574,1.8149739949532526,1.5532255584758767,0.2140325508579973,1
1.1993069592260508,1.079945255647852,1.100335871460662,1.829006721943511,1.5594826524162,0.17327173655337358,1
1.1995446234683602,1.0823345903668742,1.02595196642992,1.8227866437690148,1.5418866889833993,0.16072188277486502,1
1.2002252040931904,1.079445553375761,1.9501602498256392,1.91297136922105,1.6509620454982226,0.18472038767180415,1
1.200622541297498,1.0989966324406246,1.0967538793338507,1.8356927005426025,1.6045780772912053,0.1245911846005275,1
1.2009254632261486,1.0680899275191211,1.0471237595387684,1.8136400427303128,1.5297559152888358,0.19509354869402432,1
1.2013759012292844,1.2021970741899848,1.9813598947359796,1.9371604336609902,1.6866137503763718,0.1691725819364028,1
1.2017116353366408,1.051338089432221,1.0651957718337803,1.8191945531390807,1.54744070912843,0.2319711696667971,1
1.2018814873429942,1.0827578458311655,1.9621149309100008,1.9095023110796379,1.6608747183046053,0.16497107531590555,1
1.2018814873429942,1.0764946925942256,1.9766380189713133,1.9095023110796379,1.6608747183046053,0.17413613505567807,1
1.2022078336895337,1.1286596570386973,1.9696189305110718,1.920774201658329,1.6783700081003328,0.15625515892082903,1
1.2023723401216935,1.0689087980322065,1.9701431090800443,1.9180811786779621,1.6572431790695268,0.175322214555179,1
1.2023723401216935,1.0360324972290185,1.9701431090800443,1.917749133485077,1.6662618737999968,0.18996654648443112,1
1.2037979048404226,1.0966054578630777,1.960453156552641,1.9234452203989918,1.6886846523968577,0.20843431034153675,1
1.203976332333748,1.0109854391477835,1.9622861638049194,1.9081161342686568,1.6464488404212008,0.2178509830571889,1
1.203976332333748,1.069331160407003,1.9708075295050078,1.9095023110796379,1.6608747183046053,0.16598629151535552,1
1.203976332333748,1.0758702756666338,1.9650452340708497,1.9100521024357737,1.6608747183046053,0.15688055255462546,1
1.2040447487141321,1.082880734075962,1.9650148772753102,1.9029804167774125,1.6599581661813538,0.1853082338199303,1
1.2041594578792294,1.0664958485241132,1.0855443180785858,1.8246452405992704,1.5475526383910898,0.208646800353903,1
1.2043817042170708,1.1933017523514111,1.98310168869181,1.9415017446769565,1.6927446988204145,0.1712944605887481,1
1.2048754381969047,1.1851747446084617,2.002303392073638,1.9415017446769565,1.7048235901212137,0.15197614487876884,1
1.2050924633942435,1.1523277770871998,1.1374242768456655,1.8428853505018536,1.5894041181316199,0.13040101920405855,1
1.2051760553231734,1.059744040998784,1.9733229280526736,1.9142292570767607,1.667176160863438,0.18472038767180415,1
1.2054983853653523,1.032916761666321,1.960975537773828,1.922446517993209,1.6634770890960362,0.21428977869302246,1
1.2055367859405208,1.0965776127909312,1.1100774708845114,1.8240167863572727,1.5903785183485069,0.12638867061743514,1
1.2075517382892236,1.115743741241489,1.9729210384078064,1.9184574270882244,1.664400825983794,0.15907092060498576,1
1.2076618147575624,1.1597159895727007,1.9936133320298244,1.9306810745860394,1.6899425677675974,0.2039607805437114,1
1.2088992430991228,1.1622625087691711,1.9955727811219706,1.9504889532051588,1.706949424207935,0.14003508534963302,1
1.2088992430991228,1.1542773546521001,2.005249352860758,1.9504889532051588,1.7191049836497656,0.13674827594311947,1
1.2095442780013435,1.1395879389684203,1.9802771782278927,1.9282769584648076,1.6837686131397578,0.1415664498817927,1
1.2107638120205706,1.05647873087056,1.0880759846821022,1.8253797773188898,1.5754849965976345,0.2275625244840966,1
1.2118853919401513,1.009095590130517,0.9328427788297968,1.9298708839612941,1.70904832040693,0.20447860681632626,1
1.214243420371175,1.1365772535550691,1.9842412842665484,1.9367361154645686,1.690321143766822,0.16464456676900613,1
1.2144893087081896,1.068102307925516,1.9663932963387827,1.9342465251483598,1.69209913923237,0.19925307395035843,1
1.2156351407691859,1.0121533110056944,0.9399943239306432,1.9241109402180459,1.7274356581685955,0.20354577166845472,1
1.2160806461068514,1.139563736179952,1.0434824364845894,1.840787420892354,1.6163350197071686,0.13060086668081622,1
1.218007831835408,1.2007177588824294,1.9813261812716374,1.9382779954405165,1.701459996033587,0.21284956442632505,1
1.2184175424103676,1.251901746451118,0.9513774792149672,1.900196057854787,1.6872858689769392,0.10068191218111634,1
1.2189441095751856,1.1851747446084617,2.004950257559886,1.9514579027164654,1.7024088452215762,0.155840561888039,1
1.2190273637723912,1.081654707063108,1.0855443180785858,1.8246452405992704,1.5475526383910898,0.208646800353903,1
1.2190273637723912,1.081654707063108,1.0855443180785858,1.8246452405992704,1.5475526383910898,0.208646800353903,1
1.2213160004018249,1.0148453454501782,0.9344415890070208,1.93761327152137,1.7264701771050974,0.20723572353514488,1
1.222401802010471,1.2062124372072727,1.9889353759850639,1.9437250007843165,1.7048530856228838,0.21236699321974073,1
1.2229101179786734,1.2142952713195045,1.1292842267596404,1.8517301911468775,1.5984726759011154,0.13746467049803582,1
1.2232694427790065,1.0166996855922241,0.9591927655176095,1.9309133579575979,1.726405623373448,0.20959044125438764,1
1.2238813147627685,1.1119217017588883,1.0556035131634822,1.8324490363436203,1.5645518873780093,0.13939437610795002,1
1.2259190111218767,1.2251755199443934,1.9990646191709132,1.9393499101620766,1.6964378563169622,0.20189966796795553,1
1.2262761570574587,1.0153070122129775,0.9375349179444138,1.9548108212928692,1.7425567009544143,0.21100810788647517,1
1.2263017416697772,1.1813347023697873,1.0889866136665205,1.8490812890748285,1.5987961563581818,0.1450596520755182,1
1.2278205170594365,1.0938254591145506,1.097895194226061,1.8364166042266294,1.5956112035433418,0.15024848192540838,1
1.22800441189522,1.0199129693221665,0.9468967038502348,1.925517447250557,1.7098326406850037,0.21140394454313774,1
1.22800441189522,1.017280428229773,0.9685182546005461,1.9388301805377768,1.6937254585939492,0.21187321025827333,1
1.2291208211447302,0.9948127861563679,0.9387738644668445,1.935331900883039,1.7058424537914867,0.23753583342163934,1
1.2293890446849114,1.1062386282596957,1.138082511360624,1.858322944738607,1.6061014047304991,0.14000487665928762,1
1.2296642090440437,1.2057971390242823,1.9941931545595295,1.9346239626535051,1.7018369270348253,0.24657625044705342,1
1.2301034190137934,1.0665493409591495,1.9666600798754283,1.9154361729152183,1.666734123873162,0.25396113964295036,1
1.2305479190520237,0.9842124830557415,0.9704610576993357,1.93761327152137,1.706453820136569,0.24888595759267526,1
1.232006743880317,1.029388217742832,0.964671581233791,1.936498310595926,1.7223765490924896,0.20280805062535753,1
1.232006743880317,1.0126703734913172,0.9503889070007755,1.9411389866654831,1.7213911991956916,0.21937044768198696,1
1.2338539100105759,1.0199129693221665,0.9544705356252233,1.9253369150794577,1.7197652778749226,0.21856437117700317,1
1.2338539100105759,0.9784651151305603,0.9697479894155334,1.9342915400843563,1.6937254585939492,0.26082674122171456,1
1.2353016186036583,1.0371533861111124,0.9576733460172036,1.93761327152137,1.7274356581685955,0.19953462428713933,1
1.2357293502329008,1.0681127584973718,1.1109771691039698,1.8384776310850237,1.6020594853483423,0.17767264158436877,1
1.2362732962444225,1.1873986846024123,1.1486630438893242,1.8473152610938754,1.6019244753518525,0.1201909186595767,1
1.238691776063484,1.0121533110056944,0.9486087331974463,1.9286222206979171,1.7146946811710289,0.22790387853135846,1
1.238691776063484,1.034421719735383,0.9846230848604439,1.93761327152137,1.717432847623275,0.20625819108695004,1
1.239755918041691,1.003420508190769,0.9468967038502348,1.9431793465318028,1.710674658219588,0.23959113714888947,1
1.239755918041691,1.017280428229773,0.9609517908945683,1.9253369150794577,1.7197652778749226,0.22549754084601362,1
1.241055304975602,1.0148453454501782,0.9498861779237074,1.93761327152137,1.7264701771050974,0.22790387853135846,1
1.241055304975602,1.0148453454501782,0.9486087331974463,1.9332275173376334,1.717432847623275,0.22790387853135846,1
1.2419169584362735,0.9952214758917107,0.9609517908945683,1.9387021161906943,1.702614931954682,0.24754229417796964,1
1.2419169584362735,0.9978126837996871,0.9685182546005461,1.9476972761982292,1.6937254585939492,0.24673858330912815,1
1.2419169584362735,0.9978126837996871,0.9685182546005461,1.9431793465318028,1.70363541346385,0.24673858330912815,1
1.2419169584362735,0.9701575546283516,0.9494105933285143,1.9388301805377768,1.6838161614698834,0.2749154566276327,1
1.242479397232197,0.9956453284420633,0.9279849258664755,1.9511257451541648,1.7055357109831986,0.24888595759267526,1
1.2429725833307335,0.9030387185514612,1.9913221699851407,0.5414610573516369,0.44186993804239943,0.33993463423951903,1
1.243201505188603,1.122654118039358,1.1323787271536057,1.8581443265449853,1.6092726755484552,0.1620036678045591,1
1.2452243402646563,1.0897050444964065,1.0830684688922196,1.8507172927264453,1.5940062832775799,0.20325796856533215,1
1.245543998387183,1.064447808110037,1.0609642089750477,1.8273285033834337,1.5678864414241565,0.2561778745965434,1
1.246856662266393,1.1067137526318291,1.1197920647511428,1.8455512207536322,1.6049449866691539,0.1407308070292506,1
1.2468634860924779,0.9953915638582445,0.9592547969970455,1.9421712341263175,1.6974289845644353,0.2558925603162826,1
1.247092936874046,1.0990596031751165,1.1308198535029739,1.861523333674072,1.6288128073763075,0.17328683911912646,1
1.2475289143928865,1.086928659600267,1.0216024705107687,1.9062700360649558,1.723967474765081,0.1667996428850813,1
1.2487717049266098,1.1456407419736319,1.1174991659337343,1.8511631710182337,1.5984726759011154,0.1515886555602892,1
1.2512969050695675,1.1938167585872028,0.9301363738325248,1.9447382652725342,1.7034644599443536,0.1214774372425049,1
1.2520652684623141,1.1172074225237958,1.1268300486007463,1.8553959756148934,1.6227667190574153,0.19372369075638923,1
1.2527254039703304,1.0178777833766064,0.9693149870182577,1.937847942523552,1.7074306196556719,0.23553547585880893,1
1.2528213618243154,1.071750273453965,0.9851579111393117,1.8840150284383297,1.7194062921082973,0.18107149208503706,1
1.2532859077206557,1.0892848767366203,1.1096860218383402,1.8572604401140005,1.626098938233397,0.19521630871164247,1
1.2584022982881393,1.084443511706727,1.1233292738163676,1.8614371041884934,1.6200726784606585,0.2077468513080077,1
1.2584847173421632,1.1037038380662463,1.0670494808557822,1.8384776310850237,1.5916674920992153,0.17948876348177403,1
1.2603477865108856,1.1429750292877237,0.9684427522622715,1.9280340231848525,1.7087351850944705,0.13418420779095486,1
1.2603497311360863,1.1130365433704759,1.0857923604928403,1.8483706220919842,1.6061014047304991,0.1891798351329306,1
1.2607150865431167,1.1302543623807728,1.100489523554062,1.8425839381486584,1.6092298109304541,0.1495012787883587,1
1.2608284519589181,1.1290648942424721,1.1278096799642052,1.8514216266588375,1.6183438532016203,0.16108695943056212,1
1.2623843866779758,0.8960071068195957,1.9608976850233908,0.6315248959150238,0.5093991232239734,0.37139717732430916,1
1.2652890939662473,1.176185802049359,1.1292842267596404,1.8549085891914963,1.6092726755484552,0.13005216586532312,1
1.26571173991843,1.1435844901798626,1.1536032995029792,1.8550312244055183,1.627081946698071,0.13273735319561478,1
1.266706999326327,0.8708688393321953,1.9658005874587645,0.6133416909008156,0.4998073093897225,0.39649116027305387,1
1.2668398365365972,0.9180806854083832,1.97054311498711,0.6123992300879706,0.516084171569832,0.36176545607439664,1
1.2689358928973857,1.129466268195514,1.136666763587622,1.8648986635996472,1.6289867199308432,0.15499246075057463,1
1.2702746686095285,1.0839022984727733,1.1189837558661657,1.8548153394186644,1.6077010137382728,0.2171147397076032,1
1.2722302970949788,1.1150958267810294,1.1592541957857008,1.8614371041884934,1.6200726784606585,0.19560074743482075,1
1.2729105340489164,0.9517534893383838,1.979581890886618,0.5949838838555563,0.49513517412226127,0.32391885930623326,1
1.2737248616674968,1.0575785563725701,1.9546284517307075,1.8993685312997786,1.6647018090307195,0.2714501586417833,1
1.2745283538076968,0.9314097033315184,1.9757867546973424,0.5759789746582297,0.49279995102911567,0.3465759235295829,1
1.2749795048102304,0.9030938296007791,1.9676653064748324,0.6167990013110654,0.4919163266187081,0.37554847251974405,1
1.2765827582131828,1.089389933869211,1.1364354208584153,1.8707675202096996,1.6369013707322597,0.21017818248080872,1
1.2766701125851745,1.1353215231410834,1.1147665890029508,1.8550312244055183,1.6165916527506878,0.1888885650061676,1
1.27792057884269,1.0512409127848772,1.941500674043287,1.8943880724319444,1.6521950679599378,0.29051540322803354,1
1.279654707631422,0.94321297251129,1.9686087574337265,0.5325133843649508,0.44372876113012444,0.3421641798940785,1
1.280502736862531,1.1068357344357365,1.1590791069508695,1.858322944738607,1.627081946698071,0.1783947558391583,1
1.2835298904162054,0.937457482029049,1.9861767190216666,0.5929001705556324,0.49744243847086134,0.35029142386397794,1
1.2874474521667156,0.9203432437376577,1.966145420238377,0.5435953761625556,0.4739159562798114,0.3703861075168665,1
1.2897956451204389,0.9380523123956055,1.9655298568399362,0.5763751323169026,0.4726104693483895,0.3535533905932738,1
1.2897956451204389,0.9321872124394756,1.9591414686330462,0.5659282916094345,0.4616435357484827,0.35846291378510237,1
1.2899200494863312,0.9743799784542228,1.969885992937427,0.6264658109723051,0.5348451224213057,0.3187002316429481,1
1.2928017922670003,0.9233586103098433,1.976209858644928,0.549327294126555,0.45705750416394136,0.3742916278291969,1
1.2928582040586933,0.9016866017037855,1.9767066519367762,0.5435953761625556,0.463293916302957,0.39497265639011037,1
1.2928582040586933,0.9169071426636253,1.9736026555590835,0.5403473269125983,0.4737878535727056,0.38057099774788156,1
1.2928582040586933,0.9297270437418715,1.9798671017114968,0.5679514912762179,0.474300056807226,0.36477136981936126,1
1.2975942365878277,0.9137499577171002,1.986596059833354,0.5949908652548147,0.5218415097861633,0.3873397901557408,1
1.2983399155692341,0.9169071426636253,1.9693228191824537,0.5784356795504214,0.474300056807226,0.3848534484234028,1
1.3001064541225462,0.9055463513615186,1.929708715704598,0.6039848747160267,0.5408769789115973,0.41357380612858563,1
1.3016342023697263,0.9055661136079288,1.9311245110702515,0.597365315986991,0.5452325501477583,0.411579141373802,1
1.3024038885524103,0.9233586103098433,1.972096446361473,0.5633663122563077,0.4799475134540407,0.38458391219532884,1
1.3026330727746964,0.9545214042184236,1.9725150623410943,0.5949908652548147,0.5101412148493686,0.35498107089483183,1
1.3029121612912198,0.8934744577952183,1.950100783230442,0.606953533304804,0.4905487707920778,0.41108080390040874,1
1.3032894528370615,0.8874163665496807,1.9680457940163405,0.5498282055244675,0.460833234973309,0.42486724972345213,1
1.3034201585018705,0.9266968885712692,1.9439051219870973,0.6367726847586936,0.5628936978404477,0.3769015713957,1
1.3039947520222173,0.936572858960161,1.9761273252073686,0.6038182089581676,0.5046925886138611,0.3759156117349877,1
1.305429424168142,1.0002683123203637,1.9761424215510355,0.6447259430650174,0.5579283526516707,0.30777744489866976,1
1.306977700286602,0.9141645483805924,1.9698522402481757,0.5528322276085581,0.4864923602955311,0.3963463946444792,1
1.307089982142578,0.952166913597733,1.964012753052832,0.62960666491791,0.5236269706055798,0.35962847990563035,1
1.3073857401246183,0.9228953224920606,1.9591414686330462,0.5659282916094345,0.4622958513709513,0.3894089678760559,1
1.3083806027518843,0.9498353556410202,1.9324975903109254,0.6376537962007794,0.5614041046098031,0.3615090111095928,1
1.3094483781766806,0.9915275871343379,1.9664487457034932,0.6235065160536023,0.5370983358730551,0.3186069829422052,1
1.3137382775988278,0.880024100971948,1.9653328762910323,0.6254749913399382,0.5341474592337958,0.4382151790315796,1
1.3137536856938345,0.890991809875584,1.9608976850233908,0.6199999548269629,0.5218915753413415,0.42337525213109756,1
1.3154099774082797,0.9050295777742696,1.9864694011569994,0.5653674951258579,0.46984215901599596,0.4171980213727445,1
1.3168336766665523,0.9637700541356437,1.9594872910243653,0.6233405378251026,0.5281520660597395,0.3553587813481308,1
1.3169743728647787,1.034877399865887,1.9255930874381,1.8901427334225034,1.6606558879480633,0.3296456367513456,1
1.3172911897656674,0.9366924009010887,1.964012753052832,0.6405022602379256,0.5463512984652941,0.38481927820124,1
1.3172911897656674,0.952166913597733,1.964012753052832,0.6373647569638246,0.5346261705770753,0.3704347915846292,1
1.318020121084097,0.8985726806528673,1.963035004117244,0.5452655285521094,0.4491446766494686,0.4240750328041971,1
1.318507314527128,0.9001190897809836,1.9729571457883406,0.5576477348800926,0.4604126664800104,0.4268716668090516,1
1.3213756955988805,0.8729397087803497,1.9533919633290449,0.5873962491615385,0.4888513477785036,0.45496772163821364,1
1.3221719262335159,0.8968092861705554,1.938117673039369,0.6134237196211232,0.5417823032792977,0.44128314412349173,1
1.3221719262335159,0.8968092861705554,1.938117673039369,0.6134237196211232,0.5405917168740253,0.44128314412349173,1
1.3224827027074868,0.9151218634411622,1.9817252400963477,0.5607575808217526,0.45624563905870175,0.4130473436642682,1
1.32501383554773,0.8666946509631785,1.9631322245250378,0.6034236112137635,0.5034668350790911,0.4650103785020261,1
1.3268019938541449,0.8983661784975813,1.9497469684185953,0.6073322476341871,0.5114083119567587,0.43201046178542424,1
1.3269658746538167,0.929839213744087,1.9676461312970055,0.6284907723721221,0.5363981289495039,0.40437652621186887,1
1.3274116394886024,0.9336856821589328,1.9544266150208365,0.6119153807619124,0.5668329903853246,0.4080419034190586,1
1.3277923372932714,0.9006215262661708,1.9429034062992903,0.608009120205205,0.5659406405836744,0.4431589914429706,1
1.3277923372932714,0.9109046560528562,1.9429034062992903,0.5966210511709764,0.5659406405836744,0.43143618776769693,1
1.3285099203462467,0.8815216906760338,1.9549147495569905,0.6427261175727151,0.5404510268421497,0.449495700446987,1
1.3286383143823468,0.8854798729795823,1.9613554883055897,0.6099368455206431,0.528254753550305,0.4508878536043936,1
1.3302665445109656,0.910219407331538,1.9670039821581393,0.5943194737026495,0.4911576257852065,0.4268716668090516,1
1.3308626547367723,0.8939539669512957,1.944134371768944,0.6144204325099784,0.5553808937401705,0.45335549792171276,1
1.3317516505307367,0.9426376628291516,1.9633455402727564,0.6475333235867637,0.5523488270123479,0.3964482098332309,1
1.3321951911427072,0.9637700541356437,1.9798141210208717,0.6377055879536612,0.5510199616731206,0.37019433211285824,1
1.3325193669979918,0.9366924009010887,1.987024645689204,0.6154797421402246,0.5236269706055798,0.3993333814102397,1
1.3325565746458294,0.9804554273607001,1.975907276673348,0.6245551003507771,0.5490415567549695,0.3524226814259014,1
1.3325900263561739,0.9893702558621383,1.9798346453504485,0.6216886803590879,0.5418768986111214,0.34382635226165276,1
1.3332443109107115,0.8969466462131538,1.9913016883956849,0.585807120681549,0.46924365891304004,0.4446984482108075,1
1.3332753225367058,0.9410547822938186,1.9764785695157354,0.5980604012250598,0.506757275564123,0.3929514398391187,1
1.3339039069108651,0.8877241812473029,1.972881667222029,0.6138981514977161,0.5471292954778284,0.4465184280408392,1
1.3343994156452803,0.9596686488548822,1.9661894266653905,0.6079343860607208,0.5256559203367652,0.37478924031182487,1
1.3371856915815739,0.872832209289833,1.9543981506201706,0.5903041727731921,0.49575245012332386,0.47120355143530696,1
1.3383916622156684,0.9768877013585995,1.9903895156468652,0.6336151581096012,0.5401251923299305,0.3664516327420981,1
1.3386386422425693,0.9194677034005121,1.9392917013192517,0.647714555224978,0.5666298164250021,0.4230019516954602,1
1.338677616804304,0.9133585422575304,1.9578592892212379,0.6272972222592346,0.5679782372400718,0.45043100097861744,1
1.3392860627768537,0.8898191009007731,1.9673418635028972,0.5303563343784049,0.46020176969492677,0.45937132973462325,1
1.339470430611575,0.9515470615502039,1.9598612283737737,0.6314324164562064,0.5465901351671734,0.3901397848517092,1
1.3402181158753053,0.9380442732054162,1.9750512918794736,0.6463206611041628,0.5686187253990642,0.4026842185695596,1
1.340418334504348,0.9119246445716057,1.965072058913187,0.5831514158179605,0.48586579810734964,0.4304781938842386,1
1.3417707899678502,0.9813776574460424,1.9761424215510355,0.6374004632858962,0.5463858542066925,0.3662979088899611,1
1.343540859377312,0.9752681473234288,1.979615505854712,0.6286120116769084,0.5439837932759933,0.36925877215893804,1
1.343540859377312,0.9554489275001695,1.979615505854712,0.6360753388826623,0.5327297817920106,0.39008764059751844,1
1.343644431325643,0.8917464544154595,1.9550884792033603,0.6004460520724155,0.48134192649249957,0.45664104631489244,1
1.343691128930153,0.924172589894283,1.9515113172096958,0.6275395754760914,0.5442561236666593,0.4197465889067236,1
1.3439796779320354,0.8876956708621752,1.9619563579946835,0.596251214138549,0.48307697857456366,0.4618263341106755,1
1.346682880888049,0.923036139001625,1.936197692770953,0.6625127305460234,0.5598400138847981,0.42444082437255376,1
1.3477674053001307,0.9620986071881823,1.9760922313960863,0.6113684158395716,0.5242440915865176,0.38866505847218336,1
1.3492726882613546,0.9384873178260801,1.9805773418434418,0.5518877157004737,0.47728479388015443,0.4188762793811891,1
1.3499045317425795,0.8895786857416744,1.9593303486424485,0.6109651497510501,0.5054726883741973,0.4668161992498712,1
1.3529816499704974,0.946163359214061,1.9502684601994074,0.6442102306564227,0.5568621893732913,0.4079697177323708,1
1.3548938304147082,0.9209020011537,1.9393550178990477,0.628858346794639,0.5346160413989159,0.43399190168987073,1
1.3573608129509223,0.8994465480335342,1.9955270582252556,0.5878487615358995,0.4839864023435771,0.4650103785020261,1
1.3590968744447345,0.8784489831585206,1.958551900815932,0.5975685904528178,0.4807619738204115,0.484854762526386,1
1.359283552275546,0.9312722701965915,1.9428032674675206,0.6167990013110654,0.5509546021716003,0.4289428652774097,1
1.3620471408116177,0.9172673058301093,1.9459753141732412,0.6187368172673625,0.5592825179333788,0.4593848960932658,1
1.3653954442677032,0.9684853486792443,1.9359944471433368,0.6361644625079846,0.5581944204870525,0.39691429887290397,1
1.3678856352455457,0.9214348298137365,1.9459753141732412,0.6230563647989442,0.5592825179333788,0.4593848960932658,1
1.3694634513299586,0.9710184378306214,1.9331213148413662,0.6536466609183151,0.5807179267013305,0.39906980624277444,1
1.37633294315493,0.9229173062122081,1.9591414686330455,0.6716230048823857,0.5812043407708909,0.4534216000038254,1
1.3782438873500407,0.9465758908612469,1.9439634983302123,0.6519202405202649,0.5960918081864423,0.43953983468189695,1
1.3828733108908333,0.9547134448809453,1.9466706301591563,0.6631302665077807,0.5874097506919974,0.4285372672044642,1
1.3832448578012726,0.9281873417631996,1.9377694638551575,0.6449706868951406,0.5793224005657996,0.4578952124952738,1
1.385312800162413,0.9644497064843911,1.944583567747023,0.6555977232524941,0.563120173063946,0.42105683386644516,1
1.396840158298671,0.9331702299735612,1.9478695188204522,0.6320113052033337,0.5501811784026216,0.4663760620998196,1
1.4040209440369404,1.8674447071906346,1.9002412924488137,1.7897605820366094,1.5678887367598064,1.111167799007432,1
1.4100117359363242,1.8805152345850324,1.9119897086365036,1.7979883102668819,1.5928804993206347,1.1902353562262569,1
1.4118368783399604,1.8791620472966133,1.9065038125664258,1.8009903321424543,1.57183298624618,1.0835109785895027,1
1.4211784403661114,1.8734841575520091,1.9083991200850308,1.8092668787894097,1.5819328448115941,1.0336990287144427,1
1.4226141532307408,1.8676042217441668,1.9049351375139274,1.7924124261138372,1.5605164405335727,1.0496266536244632,1
1.4241434022438204,1.8716695235293335,1.9109323206510038,1.803752492380627,1.5746139043817966,1.030689296961495,1
1.4252308158982385,1.874209285938866,1.8970671353616615,1.7843709814376576,1.5573036445179438,1.10905017221577,1
1.4254714828724953,1.8681485027992122,1.8929911956746936,1.7984546020236023,1.5755049822797853,1.1012919852142973,1
1.4264734801584553,1.886405579815935,1.9200982934858823,1.813923349834591,1.5721565763555594,1.0796327785021094,1
1.4277537088647816,1.8933022841654548,1.9069590249280937,1.8038730862968437,1.5695224690881828,1.1011015235391424,1
1.4279706307161508,1.876898641000384,1.916423811980458,1.8176206147604577,1.5759139049935396,1.0881509317307074,1
1.4285714285714286,1.941560677173201,1.9467899209721014,1.8350741126176677,1.5878156263827843,0.9964673496264435,1
1.4286230024597086,1.8907273392317234,1.91268136768725,1.8122482273142078,1.573479085093528,1.089109528624978,1
1.4288923788880261,1.9288509876494981,1.937196749286949,1.8165100239613932,1.565770975356471,1.0192967028252302,1
1.4294416431358992,1.8994849533416354,1.9271098163221447,1.8185558616394089,1.5736611248064525,1.0649634816439426,1
1.4295922874181823,1.8679431921178158,1.9113099442187804,1.8098491487290052,1.5843632938369827,1.1092517840973102,1
1.4300653405947163,0.9153834728335052,1.9215438420624817,0.6619188838126264,0.5529213228074125,0.5147611381591443,1
1.4311006718424726,1.8878413828246274,1.9284903796775004,1.8229430565114306,1.5831938890020418,1.0872354505145108,1
1.4320726492106628,1.9230467820284283,1.9480779153556769,1.839329121924474,1.5851523643342025,0.9918350480201279,1
1.4323049407822814,1.8888198997221939,1.9235384061671341,1.8238337678791066,1.5855907043324418,1.0969777194062011,1
1.4331849524128815,1.8752295551837712,1.9149354942103316,1.8153580216545253,1.5792864007271998,1.0954385574809773,1
1.433572744207282,1.8914388325089495,1.895828122531963,1.7925676362269296,1.5652330204671783,1.0482168213658063,1
1.4336162228618075,1.9022268932187536,1.9356810981844643,1.8328112505907346,1.5865308985238211,1.0812941691750544,1
1.4336228815396288,1.886405579815935,1.9200982934858823,1.8224078907399444,1.5831938890020418,1.0834074378093304,1
1.4348137770634908,1.9355431098956297,1.9554289178319515,1.8423105981998753,1.5865022461158416,0.9976239382592519,1
1.4351778595739677,1.916650427472762,1.938700565440518,1.8269755947081159,1.5937515757581064,1.050803548237019,1
1.4356268098244804,1.8948186755715144,1.919710596907997,1.817899459632563,1.5861734585047589,1.1016284218391654,1
1.435823391943911,1.9270000950337398,1.9383728994116332,1.81934789904095,1.5617079962388027,1.0067460641134163,1
1.43887347697375,1.9110976547984815,1.9424532284697165,1.8274630686549829,1.5789262210924593,1.0693369102069534,1
1.4394150344762533,1.8975518405824159,1.9190104362617586,1.8284992453741724,1.604584819472704,1.0668021296525814,1
1.4408201431812522,1.887726850062662,1.9076857504563518,1.800941201793317,1.5731670151193402,1.0404594838023455,1
1.4425133847762237,1.8979231183444694,1.9350148818193478,1.8257883988826684,1.5823130201730555,1.0734496942923113,1
1.4425133847762237,1.9118216204003327,1.9434840805752387,1.8342854355292966,1.5979776002120043,1.0728049287495411,1
1.4446087301782207,1.894796286030946,1.9223529601101474,1.8147168055828349,1.5776096999256226,1.0626373924401111,1
1.445743950244143,1.9298492860108205,1.9463287855605695,1.8345865697637205,1.5912066922284496,1.0519917249987378,1
1.445760095874435,1.9244324311109335,1.9294571668105107,1.82084718913292,1.579270467700779,1.0229164685667531,1
1.4461252312944357,1.9045024818762448,1.9412079389292551,1.8293188891106396,1.578695249910568,1.0784496849194782,1
1.446359163280928,1.8989333730782485,1.9022179292687174,1.7924306802675982,1.5625644406996444,1.0327117953432143,1
1.446825320140468,1.9276867824833335,1.9377861475668137,1.8320679014428436,1.5983873024201705,1.0638783793018936,1
1.447048763626338,1.930320119652077,1.9545232742445855,1.8346473331508684,1.5865022461158416,0.9820969543714766,1
1.4470588235294117,1.890222520358539,1.9186211888843467,1.8230549667425566,1.604923221438584,1.0169838029011677,1
1.4472096844214806,1.913830708141891,1.937847643670891,1.8278802521001298,1.5848752433882833,1.0515374839196987,1
1.4481834098310458,1.9013554647228903,1.9247233940560318,1.8198979986016204,1.5690452676913538,1.0807604211717206,1
1.4496405215760744,1.9109372933978235,1.9377861475668137,1.8250236991286704,1.579426466674253,1.0833698755266967,1
1.4499683610538692,1.9589540478940302,1.9586398107973833,1.852115027791585,1.6102503082575446,1.004299444010589,1
1.4511051423291665,1.9166847566803278,1.9316605319883862,1.815215450757187,1.584721092657041,1.057714004745386,1
1.4515836665479118,1.9170807624834107,1.926028145539642,1.8240207080765336,1.5945903909381784,1.0426527105305672,1
1.4517636613897784,1.881716962181553,1.913973980724912,1.8184381901850677,1.6042058640628476,1.0197495754722825,1
1.4523691454983318,1.9116972536769596,1.9223996975117443,1.802710171526336,1.568282657746777,1.0290288764164015,1
1.4525544884069408,1.8864448986359297,1.9077778906973017,1.7928000082716593,1.5605164405335727,1.0223650621449207,1
1.4530360864800085,1.9009217894576929,1.9331906986565666,1.8255686045522934,1.5739902336019918,1.0705070767911131,1
1.4530596704007248,1.907389015009287,1.934288544233224,1.827006656081048,1.5768750771626332,1.0652668852472176,1
1.4532989944541994,1.9019106666139765,1.9217189775694143,1.813781023473842,1.6036201648570318,1.026281851086641,1
1.4539717324203534,1.919504283300155,1.9395909944030558,1.8184498165989107,1.5848752433882833,1.04737171490566,1
1.4551180604382083,1.92312692894936,1.93776838072643,1.820677664109065,1.604914019734556,1.0601270762272517,1
1.4551339188279264,1.9152042140013545,1.9331187070037998,1.8290690846268005,1.5912236859321365,1.0497841104891747,1
1.4555959107426246,1.942361586452552,1.9480779153556769,1.839329121924474,1.6001370970008115,0.9840636364304035,1
1.4556615427511652,1.9477280834951052,1.9559864253243002,1.8473939772538956,1.5942112717998345,0.9924699177620133,1
1.457003142944308,1.8989210550006494,1.9103438008932039,1.7811470718542115,1.5425243736482643,1.018317831091595,1
1.45700581295575,1.8968834457090644,1.928254134660821,1.8200803321109902,1.5874763507806073,1.0399587173446532,1
1.4580095525076713,1.8985953002592142,1.9203238211669706,1.8133012049869046,1.58809090369941,1.0224081779908427,1
1.4581501716479421,1.9105602279476521,1.9211146663033865,1.8339781020320367,1.614962035332599,1.0356348742487291,1
1.458525970665741,1.9515607922179186,1.9598353846824221,1.8412384751869824,1.6009469235619318,0.9944228844739327,1
1.4586472835544422,1.9213125114068956,1.929370564459717,1.8151317914705216,1.582780956075138,1.0675347948976732,1
1.460350612308522,1.9094260204227615,1.9109776168438695,1.792575428711135,1.5718292052323521,1.0288302309180313,1
1.4604571111942868,1.895049512223509,1.9078231321825108,1.7966381415297006,1.5544482347723882,1.031319730560428,1
1.4611848235201956,1.9217571867776393,1.9394957683935374,1.8255052604024802,1.5920247365980285,1.0514354356685383,1
1.4622781639671945,1.9201614357869188,1.9274006193952722,1.818688169640655,1.5917634611603586,0.9739408546051792,1
1.4623325742344502,1.9507082695633877,1.9568319682206818,1.846331639965171,1.6022268492183251,0.9924699177620133,1
1.4639193942633073,1.9030457810011931,1.9120342686190142,1.7952329096409767,1.5671911296707586,1.0300766296615005,1
1.464158840131819,1.9204588265606617,1.9216801512286126,1.839739853941666,1.6145666456522494,1.0453628581285255,1
1.4643727145756722,1.8988649215634046,1.9223183360603657,1.8133315731232658,1.5789903804663632,0.9672129575488805,1
1.4645717511276746,1.9229831121584022,1.9260577273729467,1.8181506577054034,1.587242580690849,1.044886662186995,1
1.46803021710032,1.961956398377109,1.9586398107973833,1.8453103868845446,1.6102503082575446,0.9885471731688159,1
1.4682896687684202,1.9044298000087005,1.9126256807987783,1.7951973863050648,1.5786698422723786,0.9452561175623496,1
1.4684012998237188,1.9257791719404254,1.9283492774106925,1.83270518364396,1.5934279074342166,0.9799109862602825,1
1.4692206421464562,1.9156293488109115,1.9118569988653273,1.7899543286952158,1.5584071998366915,1.038895879121013,1
1.4727408180808255,1.944596600505441,1.9479235432296103,1.8318803019337881,1.6069771245811815,0.9826463604633158,1
1.473079867604053,1.9320501064427436,1.9448663724749051,1.836520000595022,1.5981477302825293,1.0613787466293496,1
1.4731554234657906,1.9375212916270828,1.9396180601127726,1.8318005039187857,1.5977970703098991,0.9628409818968016,1
1.4733461337897482,1.921732999744994,1.9253016053208023,1.814184017828958,1.6056161185429116,0.9838794238873124,1
1.47828204872326,1.9042665191165102,1.90014841808293,1.789504865426206,1.5499444065462686,0.9280759546602968,1
1.4794185497292571,0.9232870714969653,1.9320741728363249,0.6372788578916956,0.5608640764193713,0.5561566669283785,1
1.4824720706087204,1.9245079965195753,1.9228643351169514,1.7980338709300794,1.562126852576741,0.9423182815143842,1
1.4841536736748409,1.9210693780317145,1.932170197930259,1.8195417759183992,1.6021101931211694,0.9841833239736952,1
1.4865262439568983,1.9018186041376661,1.9074126410552152,1.7753652056391713,1.5452645293778748,0.9041802126376239,1
1.4866063636598936,1.9375212916270828,1.9406558073938858,1.8309085464476638,1.60462975510393,0.9706997555882891,1
1.488175582260023,1.9490456829587408,1.949521388701404,1.8464760397988782,1.618273289125445,0.9828134424072088,1
1.488609081765142,1.9245079965195753,1.918803950469476,1.7870682652945673,1.5717789408138267,0.9329322393602731,1
1.4894436760620315,1.9339139708900095,1.9395753997974452,1.829056451006534,1.61362851298418,0.996001303936321,1
1.4928345230784283,1.9399660327161625,1.9445492218765201,1.8089373497332948,1.5933387347640247,0.9334503092124329,1
1.493086632552744,1.9332316507300968,1.9462192144692312,1.8422811946062958,1.6226521500309303,0.9926266631053654,1
1.4939745745783108,1.8902866758590173,1.9045320155823704,1.7837234259777177,1.554034010341913,0.9311194192592138,1
1.4967644910754994,0.9510748108683627,1.9426639769988245,0.6447508486222516,0.5548867625895707,0.5458261910221626,1
1.512977891420621,1.9231478012894991,1.9090707294293194,1.7890162912531842,1.56444936328486,0.9157583325738806,1
1.6617218910388458,1.279162430057639,1.0769110538680098,0.8823199362785321,0.8053223057626653,0.3870483560150556,1
1.6617218910388458,1.2890590052451187,1.0846203387572622,0.8867917433239918,0.8060535149593273,0.3789175664103221,1
1.6617218910388458,1.279162430057639,1.0769110538680098,0.8823199362785321,0.8053223057626653,0.3870483560150556,1
1.6617218910388458,1.2890590052451187,1.0846203387572622,0.8867917433239918,0.8060535149593273,0.3789175664103221,1
1.6659359128590225,1.2448524146446338,1.0651708976008922,0.873212459828649,0.8253268343884402,0.4320229572794001,1
1.6659359128590225,1.2448524146446338,1.0651708976008922,0.873212459828649,0.8253268343884402,0.4320229572794001,1
1.675664206029312,1.3008264560010137,1.09452152743306,0.911774951333191,0.8388288683723337,0.3929879039225174,1
1.675664206029312,1.3008264560010137,1.09452152743306,0.911774951333191,0.8388288683723337,0.3929879039225174,1
1.6825848278933127,1.2860691268849578,1.08639864172118,0.8739810036607346,0.7947425498386365,0.41055931601300377,1
1.6825848278933127,1.2860691268849578,1.08639864172118,0.8739810036607346,0.7947425498386365,0.41055931601300377,1
1.6849980341361983,1.282379729909685,1.09452152743306,0.911774951333191,0.8388288683723337,0.4177252009438737,1
1.6849980341361983,1.282379729909685,1.09452152743306,0.911774951333191,0.8388288683723337,0.4177252009438737,1
1.6886158496071524,1.315186413589763,1.096500418267037,0.8868353107129882,0.80213238938891,0.38476317992543746,1
1.6886158496071524,1.2980275208329977,1.0671410570244164,0.8571449754252761,0.7755149821534617,0.4072300319627525,1
1.6886158496071524,1.315186413589763,1.096500418267037,0.8868353107129882,0.80213238938891,0.38476317992543746,1
1.6917472428304572,1.313151481066474,1.08639864172118,0.8786651249177497,0.7947425498386365,0.3922836510512464,1
1.694179270547896,1.29083953781085,1.09452152743306,0.8826402565146769,0.8003470279204711,0.4177252009438737,1
1.7026574415462197,1.2740782716530128,1.0906040997474638,0.8783311853493986,0.7935791673313187,0.4416992170520846,1
1.7064488513308516,1.279162430057639,1.0950455362572937,0.8867917433239918,0.793106981259955,0.4473641217901512,1
1.7072693645918977,1.3138327837399604,1.0994175099615089,0.8946261073130614,0.80213238938891,0.4032783802254907,1
1.7102431133757898,1.3085598064755344,1.1120756848196636,0.9551590271380406,0.8664207589311613,0.5155127783649347,1
1.712694341109317,1.2895109665059528,1.0762018817255843,0.858221646736025,0.7882623669414256,0.4357994399587475,1
1.7142857142857144,1.282050832352093,1.0809104250301111,0.8820777882306049,0.7990946726880158,0.4526354234155921,1
1.7149714275978105,1.2886252707088683,1.084255392468749,0.8670202638526014,0.7949588856922898,0.44721359549995804,1
1.7167792405705786,1.305068138824594,1.096500418267037,0.8868353107129882,0.7888231695903477,0.4301783127761303,1
1.722225892435651,1.3017519814396206,1.0831438972569658,0.9105711657329415,0.8466365492110047,0.5327210255353134,1
1.722766533312592,1.2900197453512976,1.061549241652421,0.9009952568300171,0.8255929830036746,0.5230534443633627,1
1.7261336467805857,1.305068138824594,1.0994175099615089,0.8946261073130614,0.80213238938891,0.43285857741611716,1
1.728318043822937,1.311229477984067,1.1073470503700928,0.9030504345136355,0.8068912477986928,0.4327732908149482,1
1.7333128462699905,1.2860119537407122,1.0946770821633314,0.8719534250414684,0.7963330593811956,0.456888220562919,1
1.7392414226122301,1.3375232358182192,1.1442480252881397,0.9126637609290611,0.8208319285842978,0.4254514097721987,1
1.7405844708390639,1.337451605469715,1.1229577231219765,0.9805806756909202,0.9053574604251853,0.5326656181713262,1
1.7406041969089439,1.3081995790451322,1.1151521673904614,0.982268540241677,0.9146768081493795,0.4940236896552574,1
1.7436398248722826,1.3329534474018319,1.1327978050281222,0.9196002486632605,0.8476232218028805,0.470003315294195,1
1.7472229691968961,1.3546011360980825,1.1219340709148438,0.9732481163150437,0.9064002086771399,0.6035828589829176,1
1.7475271015265592,1.3112871591592092,1.120481603226238,0.9349540152568785,0.8511659100239951,0.551084773016566,1
1.7475271015265592,1.2947076899843826,1.108401343324489,0.9349540152568785,0.8761788730950485,0.5505163512324832,1
1.750233016317107,1.2762469144188195,1.0634759754287642,0.9120322380741878,0.8585284205056076,0.5349098657941584,1
1.7503060143534972,1.34131396646576,1.157659435530492,0.9101745416640392,0.8077444990634338,0.4598247712412963,1
1.7516717517465645,1.34131396646576,1.1323356998286402,0.9045740901526683,0.8066335181003312,0.4692624573583639,1
1.75289517924888,1.2747548783981963,1.0802690091247975,0.9278195172574102,0.8473042713818258,0.5498713400114956,1
1.7529806549048366,1.315002193622037,1.1058871666401446,0.892097026153769,0.8089991582251801,0.46990901208426405,1
1.754608698654278,1.3329534474018319,1.1240618069929322,0.9004980601938986,0.8186142678225943,0.4840031642084049,1
1.7560182231400674,1.2876334882255898,1.0983624174196784,0.9234717104492156,0.8402380615040002,0.5336665625650534,1
1.7636859797861177,1.3277136473697049,1.1198739424858601,0.9086512305739369,0.8442190961787949,0.5059644256269408,1
1.765570100699364,1.3351946768868537,1.1452975088241955,0.923307146228098,0.8325647293314199,0.46066345554310795,1
1.7656860023298395,1.343959959858337,1.1176470588235297,0.9647776156974545,0.9005957274825712,0.5935058002649147,1
1.766981104093143,1.3246512200201435,1.132352516764202,0.9202377990702222,0.827414880586145,0.46776427696374895,1
1.767166991933103,1.3331833677446054,1.1474796344894853,1.006406215420502,0.8854725837981082,0.4847282120824916,1
1.767574107233618,1.331396310990576,1.1191899055844292,0.8967791824147197,0.8120310310177287,0.47368201080211225,1
1.7683401898466897,1.3479213225896727,1.1043525680662833,0.9332448478003756,0.8593680896528061,0.5864460068232359,1
1.7687664357879986,1.3116543058271333,1.0886183786309414,0.9407238912607084,0.8634241630548939,0.585273429387094,1
1.7687664357879986,1.3474244688400137,1.1229093685028484,0.9407238912607084,0.8887326697915161,0.5628836880497549,1
1.7687664357879986,1.3096929524969019,1.1006541639811056,0.9227905593646061,0.83696722684791,0.6131590415893551,1
1.7692193154895661,1.2448524146446338,1.0522318094516614,0.8778086039709792,0.8150972712773827,0.5924756511961262,1
1.76926770704099,1.3150863297877142,1.1363393521689158,0.916085328322162,0.8260526700511478,0.4741611193711349,1
1.7694265686843822,1.2759516443119687,1.0646009009350685,0.9108680756405065,0.8511659100239951,0.600563292253618,1
1.770010787531051,1.2956319503314702,1.090525745388335,0.924316348044133,0.8446173647295616,0.5616143418081844,1
1.7725364745107277,1.3455506555325696,1.1304459595850715,0.9213946521798712,0.8581362063174297,0.49029033784546,1
1.7730062037062937,1.3178176206006946,1.142799320100719,0.9978390034170944,0.9318377758938722,0.5158052402521319,1
1.7774796657807794,1.2900197453512976,1.091346753259044,0.9486832980505139,0.8928436656664787,0.5537181355029883,1
1.77919659974398,1.3479213225896727,1.139286168165388,0.9586025865388218,0.8853156407653623,0.5812381937190964,1
1.780536010107768,1.3284507860672035,1.1006541639811056,0.9407238912607084,0.8887326697915161,0.585273429387094,1
1.7809024677304106,1.3330859637413597,1.1533755803543777,0.9861425171952496,0.9062950679193372,0.5348108693240188,1
1.7811535490819914,1.2823865439349962,1.0720515344374815,0.9262765060609458,0.8770580193070292,0.5823218792484391,1
1.781300213184883,1.2911192367549205,1.093502051920514,0.9603044466502082,0.8804849492018044,0.5285470751344256,1
1.7858518118751843,1.288400333712264,1.0899714168140044,0.9286288253596353,0.8712721255471384,0.575692234223876,1
1.7858911007124467,1.327274663017449,1.116423684027155,0.9892921237733808,0.8890687785733825,0.5300416555251342,1
1.786272440242314,1.3166390779323172,1.0988105457196047,0.9507891459203771,0.8933945635349738,0.6246229631976767,1
1.7880715869338117,1.3013838787997951,1.0983624174196784,0.9425497334358542,0.8809086218218095,0.5531726674375733,1
1.789367168131046,1.3178176206006946,1.1328390613453772,0.9861425171952496,0.9062950679193372,0.5580205552639971,1
1.7909626377485715,1.2881338534419333,1.0476665619192567,0.8495281709322813,0.8193062306394274,0.6169473988017486,1
1.791167511416038,1.312902862829959,1.1030924933719297,0.9068261970015984,0.8714055045298766,0.54184961360521,1
1.7968398386166515,1.2960811950677487,1.1039271251372904,0.9298613243002964,0.8770389939809539,0.5719396536891275,1
1.7977764043395386,1.3213047165003817,1.1648704120729811,1.0170848236315093,0.9191969739523063,0.5705597791103589,1
1.798720026608817,1.2816691065015735,1.0842963435066604,0.9304792861463935,0.8651694660071471,0.6055067646181226,1
1.7988263001916736,1.2977344496722667,1.1013708510212579,0.9524421810952831,0.8757596351468657,0.5648641085104411,1
1.7996470510065912,1.3479074553531931,1.1367780540907249,0.9366457856996167,0.8803990339706156,0.5123975307397535,1
1.8,1.3213047165003817,1.120714058089752,0.9928978567033742,0.894427190999916,0.5480033688835246,1
1.8027299301489152,1.3116786911411165,1.102523024900192,0.9527395187769951,0.8744524607607443,0.6183312648291855,1
1.8049820123092217,1.3178176206006946,1.1328390613453772,1.0029637677812298,0.9086737992230738,0.5423261445466403,1
1.805008255596148,1.3633698972265946,1.135902290626817,0.9606845396400435,0.902337290911946,0.513884311120019,1
1.8054505750519276,1.294312955099375,1.0953760082938637,0.9354649246678765,0.8774231075222084,0.5804015942414629,1
1.808077703366932,1.3546011360980825,1.1219340709148438,0.9732481163150437,0.9064002086771399,0.6481314291425614,1
1.808077703366932,1.3372000931870036,1.1351104952519937,0.9951555519066885,0.9334749405763472,0.6417911738101959,1
1.8086759033639401,1.3530455620255983,1.1184365695666687,0.9626893103609874,0.9068235393794261,0.5900332666064524,1
1.8092621775578623,1.3086107940403076,1.0819619149899626,0.8952530357304286,0.843079276885955,0.6147334478929443,1
1.8125011394986268,1.3223759606017118,1.0739324855097754,0.8790035053943722,0.8456903123103431,0.5783669107045766,1
1.8132671461179297,1.3288185560353276,1.1245405460403444,0.9862873039405896,0.9631336662914285,0.6566036891986373,1
1.8139596021417477,1.3528995079649064,1.1300293324223187,0.9278766384491935,0.8549262403298279,0.5326423426357872,1
1.815736358764895,1.3157146684705865,1.097477329610655,0.9164099993789668,0.8851547582770891,0.572374147748253,1
1.8189420512687056,1.3755701757999064,1.1219340709148438,0.9465256365620242,0.9035246965763692,0.6151736841819854,1
1.8192261703164307,1.3182203601950573,1.1005558609295947,0.9750998267516755,0.907096861568454,0.6297580551851781,1
1.8251543752695225,1.3075510043852543,1.0847857070777118,0.916870231795681,0.858012067837117,0.5952117798155447,1
1.8255042707565554,1.2912044177456898,1.0756971079512356,0.8954813188742858,0.8494324332669148,0.6124388355263716,1
1.8259825467516195,1.3478663037709393,1.1253066673504553,0.9719195205281412,0.9019132962404973,0.5910784753380133,1
1.8298845661337706,1.3061922641898793,1.093502051920514,0.9544988993520034,0.8599346924071696,0.5707549713429674,1
1.832339900835847,1.2897638751564324,1.0779454825800026,0.9259964968589903,0.8598425834376213,0.625,1
1.8378057422652647,1.314143190632336,1.0655896049198192,0.8997682018263158,0.8342621837052651,0.6217854134440172,1
1.8378057422652647,1.311626275340176,1.099171705722864,0.8997682018263158,0.8354990445530074,0.6063140170895686,1
1.8439088914585775,1.3546011360980825,1.1219340709148438,0.9465256365620242,0.8763730597051416,0.6684610300525264,1
1.8449590089267018,1.299624711308577,1.0821692970023042,0.8925404234322079,0.834169833627595,0.6203738401788007,1
1.845021610086006,1.3590929909177605,1.1302317995597289,0.9810663349508821,0.8815157762027107,0.6472763995682794,1
1.8461538461538463,1.2973836632218327,1.1087847998427431,0.9469304553185686,0.8811999928512263,0.6278326795124751,1
1.846446350500553,1.3211108035061927,1.1199776289174468,0.9506986391925049,0.889497225838173,0.6000105450934569,1
1.857202665746141,1.3382830236458991,1.1444952494034706,0.9879535665390127,0.9489892262422939,0.6820314571653826,1
1.8621704967014299,1.326846112921642,1.1039271251372904,0.9098163148026793,0.8373079473517981,0.6168283581575443,1
